category,rank,sentiment
price,8,0.5238095238095238
drink,4,0.925
dessert,5,0.9142857142857143
service,7,0.65
customer,9,0.3333333333333333
interior,2,0.9716312056737588
view,1,1.0
parking,6,0.8333333333333334
